{ 
    "_id" : ObjectId("5c05098deee78b155f3eeb4b"), 
    "id" : "admin1", 
    "city" : "None", 
    "agent" : "agent1", 
    "jsonvalue" : "{\"customerDetails\":null,\"selectionDetails\":null,\"agentDetails\":{\"name\":\"agent1\",\"email\":null,\"contactNumber\":null},\"bookingStatus\":null}"
}
{ 
    "_id" : ObjectId("5c0509bceee78b155f3eeb51"), 
    "id" : "hotel1", 
    "city" : "Chennai", 
    "additional" : "None", 
    "jsonvalue" : "{\"id\":null,\"name\":\"hotel1\",\"type\":\"Lodging\",\"hotelCategory\":\"Normal\",\"location\":\"hotel1\",\"landmark\":\"hotel1\",\"city\":\"Chennai\",\"state\":\"hotel1\",\"country\":\"hotel1\",\"address\":\"hotel1\",\"pincode\":\"123456\",\"salesContactName\":\"Sales hotel1\",\"salesContactNumber\":\"987542324\",\"salesEmail\":\"sales@hotel.com\",\"reservationContactName\":\"Reservation hotel1\",\"reservationContactNumber\":\"123456789\",\"reservationEmail\":\"reservationEmail@hotel.com\",\"status\":\"Activated\",\"hotlePaymentCategory\":\"Advance Payment\",\"website\":\"www.hotel1.com\",\"faxNumber\":\"+324532452345\",\"cutOffDate\":null,\"menuDetails\":[],\"roomsAvailableDetailsVector\":[{\"roomConfigurations\":\"Double\",\"totalAvailableRoomsCount\":100,\"allowedPerGroupCount\":5,\"notAvailableDates\":\"\",\"allotmentCount\":10,\"allotmentValidInDays\":7,\"extraBedCount\":2,\"childNoBedCount\":3,\"maxPersonsAllowed\":2,\"currentAvailableCount\":0},{\"roomConfigurations\":\"1 Bed Room Suite\",\"totalAvailableRoomsCount\":500,\"allowedPerGroupCount\":30,\"notAvailableDates\":\"\",\"allotmentCount\":60,\"allotmentValidInDays\":0,\"extraBedCount\":12,\"childNoBedCount\":23,\"maxPersonsAllowed\":4,\"currentAvailableCount\":0},{\"roomConfigurations\":\"Twin\",\"totalAvailableRoomsCount\":10,\"allowedPerGroupCount\":3,\"notAvailableDates\":\"\",\"allotmentCount\":10,\"allotmentValidInDays\":3,\"extraBedCount\":22,\"childNoBedCount\":31,\"maxPersonsAllowed\":2,\"currentAvailableCount\":0},{\"roomConfigurations\":\"2 Bed Rooms Suite\",\"totalAvailableRoomsCount\":10,\"allowedPerGroupCount\":10,\"notAvailableDates\":\"\",\"allotmentCount\":3,\"allotmentValidInDays\":6,\"extraBedCount\":2,\"childNoBedCount\":3,\"maxPersonsAllowed\":4,\"currentAvailableCount\":0},{\"roomConfigurations\":\"3 Bed Rooms Suite\",\"totalAvailableRoomsCount\":10,\"allowedPerGroupCount\":10,\"notAvailableDates\":\"\",\"allotmentCount\":3,\"allotmentValidInDays\":3,\"extraBedCount\":22,\"childNoBedCount\":3,\"maxPersonsAllowed\":32,\"currentAvailableCount\":0},{\"roomConfigurations\":\"10 Bed Rooms Suite\",\"totalAvailableRoomsCount\":10,\"allowedPerGroupCount\":10,\"notAvailableDates\":\"\",\"allotmentCount\":3,\"allotmentValidInDays\":2,\"extraBedCount\":32,\"childNoBedCount\":3,\"maxPersonsAllowed\":2,\"currentAvailableCount\":0}],\"policyDetails\":[{\"policyType\":\"Applicable\",\"displayText\":\"\\t\\t\\t\\t\\t\\t\\t\\t\\t\\t\\t\\t\\t\\t\\t\\t\\t\\t\\t\\t\\t\\t\\t\\t\\t\\t\\t\\t\\t\\t\\t\\t\\t\\t\\t\\t\\t\\t\\t\\t\\t\\t\\t\\t\\t\\t\\t\\t\\t\\t\\t\\t\\t\\t\\t\\t\\t\\t\\t\\t\\t\\t\\t\\t\\t\\t\\t\\t\\t\\t\\t\\t\\t\\t\\tBooking may be cancelled without penalty up to 72 hours prior to guest arrival.  Cancellations received after these cut-off periods or no-show on day of arrival will result in a charge amounting to one night’s room, tax and service charge.\\r\\n\\t\\t\\t\\t\\t\\t\\t\\t\\t\\t\\t\\t\\t\\t\\r\\n\\t\\t\\t\\t\\t\\t\\t\\t\\t\\t\\t\\t\\t\\t\\r\\n\\t\\t\\t\\t\\t\\t\\t\\t\\t\\t\\t\\t\\t\\t\\r\\n\\t\\t\\t\\t\\t\\t\\t\\t\\t\\t\\t\\t\\t\\t\\r\\n\\t\\t\\t\\t\\t\\t\\t\\t\\t\\t\\t\\t\\t\\t\",\"rule\":10,\"policySpecifierType\":\"Days\",\"charges\":10.0,\"policyChargesSpecifierType\":\"%\",\"validityStartDate\":1517097660000,\"validityEndDate\":1517097660000,\"name\":\"Cancellation Policy\"},{\"policyType\":\"Informative\",\"displayText\":\"\\t\\t\\t\\t\\t\\t\\t\\t\\t\\t\\t\\t\\t\\t\\t\\t\\t\\t\\t\\t\\t\\t\\t\\t\\t\\t\\t\\t\\t\\t\\t\\t\\t\\t\\t\\t\\t\\t\\t\\t\\t\\t\\t\\t\\t\\t\\t\\t\\t\\t\\t\\t\\t\\t\\t\\t\\t\\t\\t\\t\\t\\t\\t\\t\\t\\t\\t\\t\\t\\t\\t\\t\\t\\t\\tChild Policy\\r\\n\\t\\t\\t\\t\\t\\t\\t\\t\\t\\t\\t\\t\\t\\t\\r\\n\\t\\t\\t\\t\\t\\t\\t\\t\\t\\t\\t\\t\\t\\t\\r\\n\\t\\t\\t\\t\\t\\t\\t\\t\\t\\t\\t\\t\\t\\t\\r\\n\\t\\t\\t\\t\\t\\t\\t\\t\\t\\t\\t\\t\\t\\t\\r\\n\\t\\t\\t\\t\\t\\t\\t\\t\\t\\t\\t\\t\\t\\t\",\"rule\":4,\"policySpecifierType\":\"Age\",\"charges\":10.0,\"policyChargesSpecifierType\":\"Currency\",\"validityStartDate\":1517097660000,\"validityEndDate\":1517097660000,\"name\":\"Child Policy\"},{\"policyType\":\"Both\",\"displayText\":\"\\t\\t\\t\\t\\t\\t\\t\\t\\t\\t\\t\\t\\t\\t\\t\\t\\t\\t\\t\\t\\t\\t\\t\\t\\t\\t\\t\\t\\t\\t\\t\\t\\t\\t\\t\\t\\t\\t\\t\\t\\t\\t\\t\\t\\t\\t\\t\\t\\t\\t\\t\\t\\t\\t\\t\\t\\t\\t\\t\\t\\t\\t\\t\\t\\t\\t\\t\\t\\t\\t\\t\\t\\t\\t\\tThis below rate can apply only bundle in package cannot public and selling in B2B system for only room accommodation\\r\\n\\t\\t\\t\\t\\t\\t\\t\\t\\t\\t\\t\\t\\t\\t\\r\\n\\t\\t\\t\\t\\t\\t\\t\\t\\t\\t\\t\\t\\t\\t\\r\\n\\t\\t\\t\\t\\t\\t\\t\\t\\t\\t\\t\\t\\t\\t\\r\\n\\t\\t\\t\\t\\t\\t\\t\\t\\t\\t\\t\\t\\t\\t\\r\\n\\t\\t\\t\\t\\t\\t\\t\\t\\t\\t\\t\\t\\t\\t\",\"rule\":10,\"policySpecifierType\":\"Hours\",\"charges\":10.0,\"policyChargesSpecifierType\":\"None\",\"validityStartDate\":1517097660000,\"validityEndDate\":1517097660000,\"name\":\"Check-in Policy\"}],\"meetingRoomDetails\":[{\"meetingRoomStyle\":\"Theater\",\"capacity\":1000},{\"meetingRoomStyle\":\"Classroom\",\"capacity\":400},{\"meetingRoomStyle\":\"Half Moon\",\"capacity\":100}],\"facilitiesAvailableVector\":[\"Wi-Fi\",\"Smoking\",\"Spa\",\"Parking\"],\"roomConfigurationsVector\":[],\"viewDetails\":[\"Balcony\",\"Sea View\",\"Ocean Front\",\"Garden View\"],\"hotelTariff\":{\"fitandGroupHotelTariffVector\":[{\"roomCategory\":\"Deluxe\",\"roomType\":\"Single\",\"viewDetails\":\"Ocean Front\",\"fitPrice\":1000.0,\"groupPrice\":2000.0,\"extraBedType\":\"Normal Bed\",\"extraBedAdultPrice\":200.0,\"extraBedChildPrice\":104.0,\"validityStartDate\":1517097660000,\"validityEndDate\":1517097660000},{\"roomCategory\":\"Corner suite\",\"roomType\":\"Single\",\"viewDetails\":\"Balcony\",\"fitPrice\":1000.0,\"groupPrice\":3000.0,\"extraBedType\":\"Normal Bed\",\"extraBedAdultPrice\":200.0,\"extraBedChildPrice\":104.0,\"validityStartDate\":1517097660000,\"validityEndDate\":1517097660000},{\"roomCategory\":\"Executive or Club\",\"roomType\":\"Single/Twin\",\"viewDetails\":\"Sea View\",\"fitPrice\":4000.0,\"groupPrice\":5000.0,\"extraBedType\":\"Normal Bed\",\"extraBedAdultPrice\":200.0,\"extraBedChildPrice\":104.0,\"validityStartDate\":1517097660000,\"validityEndDate\":1517097660000},{\"roomCategory\":\"Grand Deluxe\",\"roomType\":\"Double/Twin\",\"viewDetails\":\"None\",\"fitPrice\":4000.0,\"groupPrice\":6000.0,\"extraBedType\":\"Normal Bed\",\"extraBedAdultPrice\":200.0,\"extraBedChildPrice\":104.0,\"validityStartDate\":1517097660000,\"validityEndDate\":1517097660000}],\"micehotelTariff\":[{\"sessionType\":\"First Half\",\"noOfBreaks\":2,\"mealsType\":\"Dinner\",\"price\":1000.0,\"supplementary\":\"None\",\"supplementaryCharges\":0.0,\"validityStartDate\":1517097660000,\"validityEndDate\":1517097660000,\"micetype\":\"Full Day\"},{\"sessionType\":\"Second Half\",\"noOfBreaks\":1,\"mealsType\":\"Lunch\",\"price\":2.0,\"supplementary\":\"Soft Drinks\",\"supplementaryCharges\":200.0,\"validityStartDate\":1517097660000,\"validityEndDate\":1517097660000,\"micetype\":\"Half Day\"}]},\"seasonDetails\":[{\"type\":\"Event\",\"name\":\"Event\",\"startDate\":1517097660000,\"endDate\":1517097660000,\"supplementCharges\":0.0,\"minimumNightRestrictions\":2,\"adultPrice\":134.44,\"childPrice\":44.44,\"displayText\":\"\\t\\t\\t\\t\\t\\t\\t\\t\\t\\t\\t\\t\\t\\t\\t\\t\\t\\t\\t\\t\\t\\t\\t\\t\\t\\t\\t\\t\\t\\t\\t\\t\\t\\t\\t\\t\\t\\t\\t\\t\\t\\t\\t\\t\\t\\t\\t\\t\\t\\t\\t\\t\\t\\t\\t\\t\\t\\t\\t\\t\\t\\t\\t\\t\\t\\t\\t\\t\\t\\t\\t\\t\\t\\t\\t\\t\\t\\t\\t\\tabcdefghijklmnopqusfd adfasdf sad dsaf asdfasd ksalfasd\\r\\n\\t\\t\\t\\t\\t\\t\\t\\t\\t\\t\\t\\t\\t\\t\\t\\r\\n\\t\\t\\t\\t\\t\\t\\t\\t\\t\\t\\t\\t\\t\\t\\t\\r\\n\\t\\t\\t\\t\\t\\t\\t\\t\\t\\t\\t\\t\\t\\t\\t\\r\\n\\t\\t\\t\\t\\t\\t\\t\\t\\t\\t\\t\\t\\t\\t\\t\\r\\n\\t\\t\\t\\t\\t\\t\\t\\t\\t\\t\\t\\t\\t\\t\\t\",\"compulsory\":false},{\"type\":\"Sesonal Rates\",\"name\":\"Sesonal Rates\",\"startDate\":1517097660000,\"endDate\":1517097660000,\"supplementCharges\":5.13,\"minimumNightRestrictions\":2,\"adultPrice\":268.88,\"childPrice\":88.88,\"displayText\":\"\\t\\t\\t\\t\\t\\t\\t\\t\\t\\t\\t\\t\\t\\t\\t\\t\\t\\t\\t\\t\\t\\t\\t\\t\\t\\t\\t\\t\\t\\t\\t\\t\\t\\t\\t\\t\\t\\t\\t\\t\\t\\t\\t\\t\\t\\t\\t\\t\\t\\t\\t\\t\\t\\t\\t\\t\\t\\t\\t\\t\\t\\t\\t\\t\\t\\t\\t\\t\\t\\t\\t\\t\\t\\t\\t\\t\\t\\t\\t\\tabcdefghijklmnopqusfd adfasdf sad dsaf asdfasd ksalfasd\\r\\n\\t\\t\\t\\t\\t\\t\\t\\t\\t\\t\\t\\t\\t\\t\\t\\r\\n\\t\\t\\t\\t\\t\\t\\t\\t\\t\\t\\t\\t\\t\\t\\t\\r\\n\\t\\t\\t\\t\\t\\t\\t\\t\\t\\t\\t\\t\\t\\t\\t\\r\\n\\t\\t\\t\\t\\t\\t\\t\\t\\t\\t\\t\\t\\t\\t\\t\\r\\n\\t\\t\\t\\t\\t\\t\\t\\t\\t\\t\\t\\t\\t\\t\\t\",\"compulsory\":true},{\"type\":\"Event\",\"name\":\"Event\",\"startDate\":1517097660000,\"endDate\":1517097660000,\"supplementCharges\":10.26,\"minimumNightRestrictions\":2,\"adultPrice\":403.32,\"childPrice\":133.32,\"displayText\":\"\\t\\t\\t\\t\\t\\t\\t\\t\\t\\t\\t\\t\\t\\t\\t\\t\\t\\t\\t\\t\\t\\t\\t\\t\\t\\t\\t\\t\\t\\t\\t\\t\\t\\t\\t\\t\\t\\t\\t\\t\\t\\t\\t\\t\\t\\t\\t\\t\\t\\t\\t\\t\\t\\t\\t\\t\\t\\t\\t\\t\\t\\t\\t\\t\\t\\t\\t\\t\\t\\t\\t\\t\\t\\t\\t\\t\\t\\t\\t\\tabcdefghijklmnopqusfd adfasdf sad dsaf asdfasd ksalfasd\\r\\n\\t\\t\\t\\t\\t\\t\\t\\t\\t\\t\\t\\t\\t\\t\\t\\r\\n\\t\\t\\t\\t\\t\\t\\t\\t\\t\\t\\t\\t\\t\\t\\t\\r\\n\\t\\t\\t\\t\\t\\t\\t\\t\\t\\t\\t\\t\\t\\t\\t\\r\\n\\t\\t\\t\\t\\t\\t\\t\\t\\t\\t\\t\\t\\t\\t\\t\\r\\n\\t\\t\\t\\t\\t\\t\\t\\t\\t\\t\\t\\t\\t\\t\\t\",\"compulsory\":false},{\"type\":\"Compulsory Gala Dinner\",\"name\":\"Compulsory Gala Dinner\",\"startDate\":1517097660000,\"endDate\":1517097660000,\"supplementCharges\":15.39,\"minimumNightRestrictions\":2,\"adultPrice\":537.76,\"childPrice\":177.76,\"displayText\":\"\\t\\t\\t\\t\\t\\t\\t\\t\\t\\t\\t\\t\\t\\t\\t\\t\\t\\t\\t\\t\\t\\t\\t\\t\\t\\t\\t\\t\\t\\t\\t\\t\\t\\t\\t\\t\\t\\t\\t\\t\\t\\t\\t\\t\\t\\t\\t\\t\\t\\t\\t\\t\\t\\t\\t\\t\\t\\t\\t\\t\\t\\t\\t\\t\\t\\t\\t\\t\\t\\t\\t\\t\\t\\t\\t\\t\\t\\t\\t\\tabcdefghijklmnopqusfd adfasdf sad dsaf asdfasd ksalfasd\\r\\n\\t\\t\\t\\t\\t\\t\\t\\t\\t\\t\\t\\t\\t\\t\\t\\r\\n\\t\\t\\t\\t\\t\\t\\t\\t\\t\\t\\t\\t\\t\\t\\t\\r\\n\\t\\t\\t\\t\\t\\t\\t\\t\\t\\t\\t\\t\\t\\t\\t\\r\\n\\t\\t\\t\\t\\t\\t\\t\\t\\t\\t\\t\\t\\t\\t\\t\\r\\n\\t\\t\\t\\t\\t\\t\\t\\t\\t\\t\\t\\t\\t\\t\\t\",\"compulsory\":true},{\"type\":\"Event\",\"name\":\"Event\",\"startDate\":1517097660000,\"endDate\":1517097660000,\"supplementCharges\":20.52,\"minimumNightRestrictions\":2,\"adultPrice\":672.2,\"childPrice\":222.2,\"displayText\":\"\\t\\t\\t\\t\\t\\t\\t\\t\\t\\t\\t\\t\\t\\t\\t\\t\\t\\t\\t\\t\\t\\t\\t\\t\\t\\t\\t\\t\\t\\t\\t\\t\\t\\t\\t\\t\\t\\t\\t\\t\\t\\t\\t\\t\\t\\t\\t\\t\\t\\t\\t\\t\\t\\t\\t\\t\\t\\t\\t\\t\\t\\t\\t\\t\\t\\t\\t\\t\\t\\t\\t\\t\\t\\t\\t\\t\\t\\t\\t\\tabcdefghijklmnopqusfd adfasdf sad dsaf asdfasd ksalfasd\\r\\n\\t\\t\\t\\t\\t\\t\\t\\t\\t\\t\\t\\t\\t\\t\\t\\r\\n\\t\\t\\t\\t\\t\\t\\t\\t\\t\\t\\t\\t\\t\\t\\t\\r\\n\\t\\t\\t\\t\\t\\t\\t\\t\\t\\t\\t\\t\\t\\t\\t\\r\\n\\t\\t\\t\\t\\t\\t\\t\\t\\t\\t\\t\\t\\t\\t\\t\\r\\n\\t\\t\\t\\t\\t\\t\\t\\t\\t\\t\\t\\t\\t\\t\\t\",\"compulsory\":false},{\"type\":\"Peak Season Details\",\"name\":\"Peak Season Details\",\"startDate\":1517097660000,\"endDate\":1517097660000,\"supplementCharges\":25.65,\"minimumNightRestrictions\":2,\"adultPrice\":806.64,\"childPrice\":266.64,\"displayText\":\"\\t\\t\\t\\t\\t\\t\\t\\t\\t\\t\\t\\t\\t\\t\\t\\t\\t\\t\\t\\t\\t\\t\\t\\t\\t\\t\\t\\t\\t\\t\\t\\t\\t\\t\\t\\t\\t\\t\\t\\t\\t\\t\\t\\t\\t\\t\\t\\t\\t\\t\\t\\t\\t\\t\\t\\t\\t\\t\\t\\t\\t\\t\\t\\t\\t\\t\\t\\t\\t\\t\\t\\t\\t\\t\\t\\t\\t\\t\\t\\tabcdefghijklmnopqusfd adfasdf sad dsaf asdfasd ksalfasdl;kl;lk;lk;l  asasdasd\\r\\n\\t\\t\\t\\t\\t\\t\\t\\t\\t\\t\\t\\t\\t\\t\\t\\r\\n\\t\\t\\t\\t\\t\\t\\t\\t\\t\\t\\t\\t\\t\\t\\t\\r\\n\\t\\t\\t\\t\\t\\t\\t\\t\\t\\t\\t\\t\\t\\t\\t\\r\\n\\t\\t\\t\\t\\t\\t\\t\\t\\t\\t\\t\\t\\t\\t\\t\\r\\n\\t\\t\\t\\t\\t\\t\\t\\t\\t\\t\\t\\t\\t\\t\\t\",\"compulsory\":false}],\"mealsTariff\":[{\"mealsType\":\"BreakFast\",\"adultPrice\":100.98,\"childPrice\":100.98,\"validityStartDate\":1517097660000,\"validityEndDate\":1517097660000,\"compulsory\":false}],\"promotionsAndOffers\":[{\"name\":\"Promotions offer\",\"payFor\":2,\"getTo\":\"3\",\"startDate\":1517097660000,\"endDate\":1517097660000,\"displayText\":\"\\t\\t\\t\\t\\t\\t\\t\\t\\t\\t\\t\\t\\t\\t\\t\\t\\t\\t\\t\\t\\t\\t\\t\\t\\t\\t\\t\\t\\t\\t\\t\\t\\t\\t\\t\\t\\t\\t\\t\\t\\t\\t\\t\\t\\t\\t\\t\\t\\t\\t\\t\\t\\t\\t\\t\\t\\t\\t\\t\\t\\t\\t\\t\\t\\t\\t\\t\\t\\t\\t\\t\\t\\t\\t\\tapply only bundle in package cannot public and selling\\r\\n\\t\\t\\t\\t\\t\\t\\t\\t\\t\\t\\t\\t\\t\\t\\r\\n\\t\\t\\t\\t\\t\\t\\t\\t\\t\\t\\t\\t\\t\\t\\r\\n\\t\\t\\t\\t\\t\\t\\t\\t\\t\\t\\t\\t\\t\\t\\r\\n\\t\\t\\t\\t\\t\\t\\t\\t\\t\\t\\t\\t\\t\\t\\r\\n\\t\\t\\t\\t\\t\\t\\t\\t\\t\\t\\t\\t\\t\\t\"},{\"name\":\" offer\",\"payFor\":2,\"getTo\":\"SPA for 2 hrs\",\"startDate\":1517097660000,\"endDate\":1517097660000,\"displayText\":\"\\t\\t\\t\\t\\t\\t\\t\\t\\t\\t\\t\\t\\t\\t\\t\\t\\t\\t\\t\\t\\t\\t\\t\\t\\t\\t\\t\\t\\t\\t\\t\\t\\t\\t\\t\\t\\t\\t\\t\\t\\t\\t\\t\\t\\t\\t\\t\\t\\t\\t\\t\\t\\t\\t\\t\\t\\t\\t\\t\\t\\t\\t\\t\\t\\t\\t\\t\\t\\t\\t\\t\\t\\t\\t\\tapply only bundle in package cannot public and selling\\r\\n\\t\\t\\t\\t\\t\\t\\t\\t\\t\\t\\t\\t\\t\\t\\r\\n\\t\\t\\t\\t\\t\\t\\t\\t\\t\\t\\t\\t\\t\\t\\r\\n\\t\\t\\t\\t\\t\\t\\t\\t\\t\\t\\t\\t\\t\\t\\r\\n\\t\\t\\t\\t\\t\\t\\t\\t\\t\\t\\t\\t\\t\\t\\r\\n\\t\\t\\t\\t\\t\\t\\t\\t\\t\\t\\t\\t\\t\\t\"}],\"inRoomFacilitiesVector\":[{\"inRoomFacilitiesVector\":[\"[[[[[Iron Box, Cofee Maker, Wi-fi]\\r\\n\\t\\t\\t\\t\\t\\t\\t\\t\\t\\t\\t\\t\\t\\t]\\r\\n\\t\\t\\t\\t\\t\\t\\t\\t\\t\\t\\t\\t\\t\\t]\\r\\n\\t\\t\\t\\t\\t\\t\\t\\t\\t\\t\\t\\t\\t\\t]\\r\\n\\t\\t\\t\\t\\t\\t\\t\\t\\t\\t\\t\\t\\t\\t]\\r\\n\\t\\t\\t\\t\\t\\t\\t\\t\\t\\t\\t\\t\\t\\t\"],\"roomCategory\":\"Standard\"},{\"inRoomFacilitiesVector\":[\"[[[[[Iron Box, Cofee Maker, Wi-fi]\\r\\n\\t\\t\\t\\t\\t\\t\\t\\t\\t\\t\\t\\t\\t\\t]\\r\\n\\t\\t\\t\\t\\t\\t\\t\\t\\t\\t\\t\\t\\t\\t]\\r\\n\\t\\t\\t\\t\\t\\t\\t\\t\\t\\t\\t\\t\\t\\t]\\r\\n\\t\\t\\t\\t\\t\\t\\t\\t\\t\\t\\t\\t\\t\\t]\\r\\n\\t\\t\\t\\t\\t\\t\\t\\t\\t\\t\\t\\t\\t\\t\"],\"roomCategory\":\"Deluxe\"}]}"
}
