{ 
    "_id" : ObjectId("5bec5ae75642a31a803fa02e"), 
    "visits" : [
        {
            "_id" : ObjectId("5bec5ae75642a31a803fa02f"), 
            "country" : "India", 
            "city" : "Salem", 
            "noOfAdults" : "2", 
            "noOfChildrens" : "3"
        }
    ], 
    "fullname" : "Padmanaban", 
    "email" : "naban@gmail.com", 
    "mobile" : 7373170701.0, 
    "arrDate" : "04/03/2018", 
    "depDate" : "07/03/2018", 
    "__v" : NumberInt(0)
}
{ 
    "_id" : ObjectId("5bec5b0d5642a31a803fa030"), 
    "visits" : [
        {
            "_id" : ObjectId("5bec5b0d5642a31a803fa032"), 
            "country" : "India", 
            "city" : "Salem", 
            "noOfAdults" : "2", 
            "noOfChildrens" : "3"
        }, 
        {
            "_id" : ObjectId("5bec5b0d5642a31a803fa031"), 
            "country" : "India", 
            "city" : "Salem", 
            "noOfAdults" : "2", 
            "noOfChildrens" : "3"
        }
    ], 
    "fullname" : "Padmanaban", 
    "email" : "naban@gmail.com", 
    "mobile" : 7373170701.0, 
    "arrDate" : "04/03/2018", 
    "depDate" : "07/03/2018", 
    "__v" : NumberInt(0)
}
{ 
    "_id" : ObjectId("5bec5db6020d152052a9f838"), 
    "visits" : [
        {
            "_id" : ObjectId("5bec5db6020d152052a9f839"), 
            "country" : "Canada", 
            "city" : "Mysore", 
            "noOfAdults" : "1", 
            "noOfChildrens" : "2"
        }
    ], 
    "fullname" : "Padmanaban", 
    "email" : "naban@gmail.com", 
    "mobile" : 7373170701.0, 
    "arrDate" : "2018-11-13T18:30:00.000Z", 
    "depDate" : "2018-11-16T18:30:00.000Z", 
    "__v" : NumberInt(0)
}
{ 
    "_id" : ObjectId("5bec606278141225085fbef7"), 
    "visits" : [
        {
            "_id" : ObjectId("5bec606278141225085fbef8"), 
            "country" : "Canada", 
            "city" : "Chennai", 
            "noOfAdults" : "1", 
            "noOfChildrens" : "1"
        }
    ], 
    "fullname" : "asd", 
    "email" : "asd@gmail", 
    "mobile" : 4654654654546.0, 
    "arrDate" : "2018-11-13T18:30:00.000Z", 
    "depDate" : "2018-11-16T18:30:00.000Z", 
    "__v" : NumberInt(0)
}
{ 
    "_id" : ObjectId("5bec606678141225085fbef9"), 
    "visits" : [
        {
            "_id" : ObjectId("5bec606678141225085fbefa"), 
            "country" : "Canada", 
            "city" : "Chennai", 
            "noOfAdults" : "1", 
            "noOfChildrens" : "1"
        }
    ], 
    "fullname" : "asd", 
    "email" : "asd@gmail", 
    "mobile" : 4654654654546.0, 
    "arrDate" : "2018-11-13T18:30:00.000Z", 
    "depDate" : "2018-11-16T18:30:00.000Z", 
    "__v" : NumberInt(0)
}
{ 
    "_id" : ObjectId("5bec606978141225085fbefb"), 
    "visits" : [
        {
            "_id" : ObjectId("5bec606978141225085fbefc"), 
            "country" : "Canada", 
            "city" : "Chennai", 
            "noOfAdults" : "1", 
            "noOfChildrens" : "1"
        }
    ], 
    "fullname" : "asd", 
    "email" : "asd@gmail", 
    "mobile" : 4654654654546.0, 
    "arrDate" : "2018-11-13T18:30:00.000Z", 
    "depDate" : "2018-11-16T18:30:00.000Z", 
    "__v" : NumberInt(0)
}
